id,coauthors
1,1
2,0
3,0
4,0
5,0
6,1
7,1
8,1
9,1
10,0
11,1
12,1
13,1
14,0
15,0
16,0
17,0
18,1
19,0
20,1
21,1
22,1
23,1
24,0
25,0
26,1
27,0
28,1
29,1
30,1
31,1
32,0
33,0
34,1
35,0
36,0
37,1
38,0
39,0
40,0
41,1
42,0
43,0
44,1
45,1
46,1
47,1
48,0
49,0
50,1
51,1
52,0
53,1
54,0
55,0
56,0
57,1
58,1
59,1
60,1
61,0
62,0
63,0
64,1
65,0
66,1
67,0
68,1
69,1
70,1
71,0
72,1
73,1
74,1
75,0
76,0
77,1
78,0
79,1
80,1
81,1
82,1
83,0
84,0
85,0
86,0
87,1
88,0
89,1
90,1
91,0
92,1
93,1
94,0
95,1
96,0
97,0
98,1
99,1
100,0
101,1
102,0
103,1
104,1
105,1
106,0
107,1
108,1
109,0
110,0
111,1
112,0
113,0
114,0
115,1
116,0
117,0
118,0
119,1
120,1
121,1
122,1
123,0
124,0
125,1
126,1
127,1
128,1
129,1
130,0
131,0
132,0
133,1
134,1
135,1
136,0
137,1
138,0
139,1
140,1
141,1
142,0
143,0
144,0
145,1
146,1
147,0
148,1
149,1
150,0
151,0
152,0
153,1
154,1
155,1
156,0
157,0
158,1
159,1
160,0
161,1
162,0
163,0
164,0
165,0
166,1
167,0
168,1
169,0
170,1
171,1
172,0
173,0
174,0
175,1
176,1
177,0
178,0
179,0
180,0
181,1
182,0
183,0
184,0
185,1
186,0
187,1
188,1
189,1
190,1
191,0
192,0
193,0
194,1
195,0
196,1
197,1
198,0
199,0
200,1
201,0
202,0
203,1
204,0
205,0
206,0
207,0
208,0
209,1
210,0
211,1
212,1
213,1
214,1
215,0
216,1
217,0
218,0
219,1
220,0
221,1
222,0
223,0
224,1
225,0
226,1
227,0
228,1
229,1
230,0
231,0
232,1
233,1
234,0
235,1
236,1
237,1
238,1
239,0
240,1
241,1
242,0
243,0
244,0
245,0
246,1
247,0
248,0
249,1
250,1
251,1
252,1
253,1
254,0
255,1
256,0
257,1
258,1
259,1
260,0
261,0
262,0
263,0
264,1
265,0
266,0
267,0
268,1
269,0
270,1
271,1
272,1
273,1
274,1
275,0
276,0
277,0
278,0
279,0
280,0
281,1
282,1
283,0
284,1
285,1
286,0
287,1
288,1
289,0
290,0
291,0
292,0
293,0
294,1
295,1
296,0
297,1
298,1
299,0
300,1
301,0
302,0
303,0
304,1
305,1
306,1
307,0
308,1
309,1
310,1
311,0
312,0
313,0
314,0
315,1
316,1
317,1
318,0
319,0
320,1
321,0
322,1
323,0
324,0
325,0
326,0
327,1
328,1
329,0
330,1
331,0
332,0
333,1
334,0
335,0
336,0
337,1
338,0
339,0
340,1
341,0
342,0
343,0
344,1
345,1
346,0
347,1
348,0
349,0
350,1
351,1
352,1
353,0
354,1
355,0
356,1
357,0
358,1
359,0
360,1
361,0
362,1
363,1
364,0
365,0
366,1
367,0
368,0
369,1
370,1
371,0
372,1
373,0
374,0
375,1
376,1
377,1
378,1
379,1
380,0
381,1
382,0
383,1
384,1
385,0
386,0
387,0
388,1
389,0
390,0
391,1
392,0
393,0
394,0
395,0
396,0
397,0
398,1
399,0
400,1
401,1
402,1
403,0
404,0
405,1
406,1
407,1
408,0
409,0
410,0
411,0
412,1
413,1
414,1
415,1
416,0
417,0
418,0
419,1
420,0
421,0
422,0
423,0
424,1
425,1
426,0
427,0
428,0
429,0
430,0
431,0
432,1
433,0
434,1
435,1
436,0
437,1
438,0
439,0
440,1
441,0
442,1
443,1
444,1
445,0
446,1
447,0
448,1
449,0
450,0
451,0
452,1
453,0
454,0
455,1
456,1
457,0
458,0
459,1
460,0
461,1
462,1
463,0
464,1
465,0
466,1
467,1
468,1
469,0
470,1
471,1
472,0
473,0
474,1
475,1
476,0
477,1
478,1
479,0
480,0
481,0
482,1
483,0
484,0
485,0
486,0
487,0
488,0
489,1
490,0
491,0
492,0
493,0
494,0
495,1
496,1
497,1
498,0
499,1
500,0
501,1
502,0
503,1
504,0
505,0
506,0
507,1
508,1
509,0
510,1
511,1
512,1
513,0
514,1
515,1
516,1
517,1
518,1
519,1
520,1
521,1
522,0
523,0
524,0
525,0
526,0
527,0
528,0
529,1
530,1
531,1
532,0
533,1
534,1
535,1
536,0
537,1
538,1
539,1
540,1
541,0
542,1
543,0
544,1
545,0
546,1
547,0
548,1
549,1
550,0
551,1
552,1
553,0
554,1
555,1
556,0
557,0
558,0
559,1
560,1
561,1
562,1
563,0
564,1
565,0
566,0
567,0
568,1
569,0
570,1
571,1
572,0
573,0
574,0
575,0
576,0
577,1
578,0
579,1
580,0
581,0
582,0
583,0
584,0
585,1
586,1
587,1
588,1
589,0
590,0
591,1
592,0
593,0
594,0
595,0
596,1
597,1
598,0
599,0
600,0
601,0
602,1
603,1
604,0
605,1
606,0
607,0
608,1
609,0
610,0
611,1
612,0
613,1
614,0
615,1
616,0
617,1
618,0
619,1
620,1
621,1
622,1
623,0
624,0
625,0
626,1
627,0
628,1
629,0
630,1
631,1
632,0
633,0
634,1
635,0
636,1
637,0
638,1
639,1
640,1
641,0
642,1
643,1
644,0
645,0
646,0
647,1
648,0
649,0
650,1
651,0
652,1
653,1
654,0
655,0
656,1
657,1
658,1
659,0
660,0
661,0
662,1
663,1
664,1
665,1
666,1
667,1
668,0
669,1
670,0
671,0
672,1
673,0
674,1
675,0
676,0
677,0
678,1
679,1
680,1
681,0
682,0
683,1
684,0
685,0
686,0
687,1
688,0
689,1
690,1
691,0
692,1
693,1
694,0
695,0
696,0
697,1
698,0
699,1
700,1
701,1
702,0
703,0
704,0
705,1
706,0
707,1
708,1
709,1
710,0
711,0
712,1
713,1
714,1
715,0
716,0
717,0
718,1
719,0
720,1
721,0
722,1
723,1
724,1
725,0
726,1
727,0
728,1
729,1
730,1
731,0
732,0
733,0
734,0
735,0
736,0
737,1
738,0
739,0
740,1
741,1
742,1
743,0
744,1
745,0
746,0
747,0
748,0
749,1
750,0
751,0
752,0
753,0
754,0
755,0
756,0
757,1
758,0
759,1
760,0
761,0
762,0
763,0
764,1
765,1
766,1
767,0
768,0
769,1
770,1
771,0
772,0
773,1
774,1
775,1
776,0
777,1
778,0
779,0
780,1
781,1
782,1
783,0
784,0
785,0
786,1
787,0
788,1
789,0
790,1
791,1
792,1
793,1
794,0
795,0
796,1
797,1
798,0
799,1
800,0
801,1
802,0
803,0
804,1
805,0
806,1
807,1
808,0
809,1
810,1
811,1
812,0
813,1
814,0
815,1
816,0
817,0
818,1
819,1
820,1
821,0
822,1
823,1
824,0
825,0
826,1
827,0
828,1
829,1
830,0
831,0
832,0
833,0
834,0
835,1
836,0
837,0
838,1
839,1
840,0
841,1
842,0
843,0
844,0
845,0
846,1
847,1
848,0
849,0
850,1
851,1
852,1
853,0
854,0
855,0
856,1
857,1
858,0
859,0
860,0
861,0
862,0
863,1
864,1
865,1
866,0
867,0
868,0
869,1
870,1
871,0
872,1
873,0
874,1
875,0
876,0
877,1
878,0
879,0
880,0
881,1
882,1
883,0
884,1
885,1
886,0
887,0
888,1
889,1
890,1
891,1
892,0
893,0
894,1
895,0
896,1
897,1
898,1
899,0
900,1
901,1
902,0
903,1
904,1
905,0
906,0
907,0
908,1
909,1
910,0
911,0
912,0
913,0
914,0
915,0
916,1
917,0
918,1
919,0
920,1
921,1
922,0
923,0
924,0
925,1
926,1
927,1
928,0
929,1
930,1
931,1
932,0
933,1
934,0
935,1
936,0
937,0
938,0
939,0
940,0
941,0
942,1
943,1
944,1
945,1
946,0
947,1
948,0
949,1
950,1
951,0
952,1
953,1
954,0
955,0
956,1
957,0
958,1
959,1
960,0
961,1
962,1
963,1
964,1
965,1
966,0
967,0
968,0
969,0
970,1
971,1
972,1
973,0
974,1
975,0
976,0
977,0
978,1
979,1
980,0
981,1
982,0
983,1
984,0
985,0
986,1
987,1
988,1
989,0
990,1
991,0
992,0
993,1
994,0
995,0
996,1
997,0
998,1
999,0
1000,0
1001,0
1002,1
1003,1
1004,1
1005,0
1006,0
1007,1
1008,1
1009,0
1010,1
1011,1
1012,1
1013,0
1014,0
1015,0
1016,1
1017,0
1018,1
1019,1
1020,0
1021,0
1022,1
1023,0
1024,1
1025,1
1026,0
1027,1
1028,1
1029,0
1030,0
1031,1
1032,1
1033,0
1034,1
1035,0
1036,1
1037,1
1038,1
1039,0
1040,1
1041,0
1042,0
1043,1
1044,0
1045,1
1046,1
1047,0
1048,1
1049,1
1050,1
1051,1
1052,1
1053,0
1054,0
1055,0
1056,0
1057,1
1058,1
1059,1
1060,1
1061,1
1062,1
1063,0
1064,1
1065,0
1066,0
1067,1
1068,0
1069,1
1070,0
1071,1
1072,0
1073,0
1074,1
1075,1
1076,1
1077,0
1078,1
1079,0
1080,0
1081,1
1082,1
1083,0
1084,0
1085,0
1086,0
1087,0
1088,1
1089,1
1090,0
1091,1
1092,1
1093,1
1094,0
1095,1
1096,1
1097,0
1098,0
1099,0
1100,1
1101,0
1102,1
1103,1
1104,1
1105,0
1106,0
1107,0
1108,1
1109,1
1110,1
1111,1
1112,0
1113,1
1114,1
1115,0
1116,1
1117,1
1118,1
1119,0
1120,0
1121,0
1122,0
1123,0
1124,0
1125,1
1126,0
1127,0
1128,0
1129,0
1130,0
1131,0
1132,1
1133,1
1134,1
1135,1
1136,1
1137,1
1138,1
1139,0
1140,1
1141,0
1142,1
1143,0
1144,1
1145,1
1146,1
1147,0
1148,1
1149,0
1150,0
1151,0
1152,0
1153,0
1154,1
1155,1
1156,1
1157,0
1158,0
1159,1
1160,0
1161,1
1162,1
1163,1
1164,1
1165,1
1166,0
1167,1
1168,1
1169,1
1170,0
1171,0
1172,0
1173,1
1174,0
1175,1
1176,0
1177,0
1178,0
1179,1
1180,1
1181,1
1182,1
1183,0
1184,1
1185,1
1186,0
1187,0
1188,1
1189,0
1190,0
1191,0
1192,1
1193,1
1194,1
1195,1
1196,1
1197,0
1198,0
1199,1
1200,1
1201,0
1202,1
1203,0
1204,1
1205,1
1206,1
1207,1
1208,0
1209,0
1210,1
1211,1
1212,1
1213,1
1214,1
1215,0
1216,0
1217,0
1218,1
1219,1
1220,0
1221,1
1222,1
1223,1
1224,1
1225,1
1226,0
1227,1
1228,0
1229,0
1230,1
1231,1
1232,1
1233,1
1234,0
1235,1
1236,0
1237,1
1238,1
1239,0
1240,1
1241,0
1242,0
1243,1
1244,0
1245,0
1246,0
1247,1
1248,1
1249,0
1250,0
1251,0
1252,1
1253,0
1254,1
1255,1
1256,1
1257,1
1258,0
1259,1
1260,1
1261,1
1262,1
1263,0
1264,0
1265,1
1266,1
1267,1
1268,1
1269,1
1270,1
1271,1
1272,0
1273,1
1274,1
1275,1
1276,0
1277,0
1278,1
1279,1
1280,0
1281,1
1282,0
1283,1
1284,0
1285,0
1286,0
1287,1
1288,1
1289,1
1290,1
1291,0
1292,1
1293,1
1294,0
1295,1
1296,0
1297,1
1298,1
1299,0
1300,0
1301,0
1302,0
1303,1
1304,1
1305,1
1306,0
1307,1
1308,0
1309,1
1310,1
1311,1
1312,0
1313,1
1314,1
1315,0
1316,0
1317,1
1318,1
1319,1
1320,1
1321,1
1322,1
1323,1
1324,0
1325,1
1326,1
1327,0
1328,1
1329,0
1330,0
1331,0
1332,1
1333,0
1334,0
1335,1
1336,0
1337,1
1338,0
1339,1
1340,1
1341,0
1342,0
1343,1
1344,1
1345,0
1346,0
1347,1
1348,0
1349,0
1350,1
1351,0
1352,0
1353,1
1354,1
1355,1
1356,1
1357,1
1358,0
1359,0
1360,1
1361,1
1362,1
1363,0
1364,1
1365,0
1366,1
1367,1
1368,1
1369,0
1370,1
1371,1
1372,1
1373,1
1374,1
1375,0
1376,1
1377,1
1378,0
1379,1
1380,0
1381,1
1382,0
1383,1
1384,0
1385,1
1386,1
1387,0
1388,0
1389,0
1390,0
1391,0
1392,1
1393,1
1394,0
1395,0
1396,1
1397,1
1398,0
1399,0
1400,0
1401,0
1402,1
1403,1
1404,1
1405,1
1406,0
1407,1
1408,1
1409,0
1410,1
1411,1
1412,1
1413,1
1414,0
1415,1
1416,0
1417,1
1418,1
1419,1
1420,0
1421,0
1422,1
1423,0
1424,1
1425,0
1426,0
1427,1
1428,0
1429,1
1430,0
1431,0
1432,0
1433,1
1434,1
1435,0
1436,1
1437,1
1438,1
1439,1
1440,1
1441,0
1442,1
1443,0
1444,0
1445,1
1446,1
1447,1
1448,1
1449,1
1450,1
1451,1
1452,1
1453,1
1454,0
1455,0
1456,1
1457,0
1458,0
1459,1
1460,0
1461,1
1462,1
1463,1
1464,0
1465,1
1466,1
1467,0
1468,1
1469,0
1470,1
1471,0
1472,1
1473,1
1474,0
1475,0
1476,0
1477,0
1478,1
1479,0
1480,1
1481,0
1482,0
1483,0
1484,0
1485,1
1486,0
1487,0
1488,1
1489,1
1490,1
1491,1
1492,1
1493,0
1494,1
1495,1
1496,1
1497,1
1498,1
1499,1
1500,1
1501,0
1502,0
1503,0
1504,0
1505,0
1506,0
1507,0
1508,1
1509,0
1510,0
1511,0
1512,1
1513,0
1514,1
1515,1
1516,1
1517,1
1518,1
1519,0
1520,0
1521,1
1522,1
1523,1
1524,1
1525,1
1526,0
1527,1
1528,1
1529,0
1530,0
1531,1
1532,1
1533,1
1534,1
1535,1
1536,1
1537,1
1538,0
1539,0
1540,0
1541,0
1542,1
1543,0
1544,0
1545,1
1546,0
1547,1
1548,0
1549,1
1550,0
1551,1
1552,0
1553,0
1554,1
1555,0
1556,0
1557,1
1558,1
1559,1
1560,1
1561,0
1562,0
1563,0
1564,1
1565,1
1566,1
1567,1
1568,1
1569,1
1570,0
1571,1
1572,1
1573,1
1574,1
1575,1
1576,1
1577,1
1578,1
1579,0
1580,1
1581,1
1582,0
1583,1
1584,1
1585,0
1586,1
1587,1
1588,0
1589,0
1590,1
1591,0
1592,0
1593,0
1594,1
1595,1
1596,1
1597,1
1598,0
1599,0
1600,0
1601,1
1602,1
1603,1
1604,0
1605,1
1606,1
1607,1
1608,0
1609,0
1610,0
1611,0
1612,1
1613,1
1614,1
1615,1
1616,1
1617,1
1618,0
1619,1
1620,1
1621,0
1622,1
1623,0
1624,1
1625,0
1626,0
1627,0
1628,0
1629,0
1630,0
1631,0
1632,0
1633,1
1634,1
1635,0
1636,1
1637,0
1638,1
1639,1
1640,1
1641,1
1642,0
1643,1
1644,0
1645,0
1646,1
1647,0
1648,1
1649,0
1650,0
1651,1
1652,0
1653,1
1654,1
1655,1
1656,0
1657,0
1658,0
1659,0
1660,1
1661,1
1662,0
1663,0
1664,1
1665,1
1666,1
1667,1
1668,0
1669,1
1670,0
1671,0
1672,1
1673,0
1674,1
1675,1
1676,0
1677,0
1678,0
1679,1
1680,1
1681,0
1682,1
1683,1
1684,1
1685,1
1686,0
1687,0
1688,0
1689,0
1690,1
1691,1
1692,1
1693,1
1694,1
1695,1
1696,0
1697,1
1698,1
1699,1
1700,0
1701,1
1702,1
1703,1
1704,1
1705,0
1706,0
1707,0
1708,1
1709,1
1710,0
1711,1
1712,0
1713,1
1714,0
1715,1
1716,0
1717,0
1718,1
1719,0
1720,1
1721,0
1722,1
1723,1
1724,0
1725,0
1726,1
1727,1
1728,0
1729,0
1730,1
1731,1
1732,0
1733,0
1734,0
1735,0
1736,1
1737,1
1738,0
1739,0
1740,0
1741,0
1742,0
1743,1
1744,0
1745,1
1746,0
1747,1
1748,1
1749,1
1750,1
1751,0
1752,1
1753,1
1754,1
1755,0
1756,0
1757,1
1758,0
1759,1
1760,0
1761,1
1762,0
1763,0
1764,1
1765,1
1766,0
1767,1
1768,1
1769,1
1770,1
1771,1
1772,0
1773,0
1774,1
1775,1
1776,0
1777,1
1778,0
1779,1
1780,1
1781,0
1782,0
1783,1
1784,1
1785,1
1786,0
1787,1
1788,0
1789,0
1790,0
1791,1
1792,1
1793,1
1794,0
1795,0
1796,0
1797,1
1798,1
1799,1
1800,1
1801,0
1802,0
1803,0
1804,0
1805,1
1806,1
1807,0
1808,0
1809,1
1810,0
1811,1
1812,0
1813,0
1814,1
1815,0
1816,1
1817,0
1818,0
1819,1
1820,1
1821,0
1822,0
1823,0
1824,1
1825,1
1826,1
1827,1
1828,1
1829,0
1830,1
1831,1
1832,1
1833,0
1834,1
1835,0
1836,1
1837,0
1838,1
1839,1
1840,0
1841,1
1842,1
1843,0
1844,1
1845,1
1846,1
1847,1
1848,1
1849,0
1850,1
1851,1
1852,0
1853,1
1854,0
1855,0
1856,1
1857,0
1858,0
1859,0
1860,0
1861,0
1862,1
1863,0
1864,0
1865,0
1866,1
1867,0
1868,1
1869,0
1870,1
1871,0
1872,1
1873,1
1874,1
1875,0
1876,0
1877,0
1878,0
1879,1
1880,0
1881,1
1882,0
1883,1
1884,0
1885,0
1886,1
1887,1
1888,0
1889,1
1890,1
1891,1
1892,1
1893,0
1894,1
1895,0
1896,0
1897,0
1898,1
1899,1
1900,0
1901,0
1902,1
1903,1
1904,1
1905,0
1906,1
1907,1
1908,1
1909,1
1910,0
1911,0
1912,0
1913,1
1914,0
1915,1
1916,1
1917,1
1918,0
1919,0
1920,0
1921,0
1922,1
1923,0
1924,0
1925,0
1926,1
1927,0
1928,1
1929,1
1930,0
1931,1
1932,1
1933,1
1934,1
1935,1
1936,0
1937,1
1938,0
1939,0
1940,0
1941,0
1942,0
1943,0
1944,0
1945,1
1946,0
1947,0
1948,0
1949,0
1950,0
1951,1
1952,1
1953,0
1954,1
1955,1
1956,0
1957,1
1958,1
1959,1
1960,0
1961,0
1962,1
1963,0
1964,0
1965,0
1966,1
1967,0
1968,1
1969,1
1970,0
1971,0
1972,1
1973,1
1974,1
1975,0
1976,0
1977,0
1978,0
1979,0
1980,1
1981,0
1982,1
1983,0
1984,0
1985,0
1986,0
1987,1
1988,1
1989,0
1990,1
1991,0
1992,1
1993,1
1994,1
1995,0
1996,0
1997,0
1998,1
1999,0
2000,1
2001,0
2002,1
2003,0
2004,1
2005,1
2006,0
2007,0
2008,0
2009,1
2010,1
2011,0
2012,0
2013,1
2014,1
2015,1
2016,1
2017,0
2018,1
2019,1
2020,1
2021,0
2022,1
2023,1
2024,0
2025,0
2026,1
2027,1
2028,0
2029,1
2030,0
2031,0
2032,1
2033,0
2034,1
2035,0
2036,1
2037,0
2038,1
2039,0
2040,0
2041,1
2042,1
2043,0
2044,0
2045,1
2046,0
2047,1
2048,1
2049,1
2050,1
2051,0
2052,0
2053,1
2054,1
2055,1
2056,0
2057,1
2058,1
2059,0
2060,1
2061,1
2062,1
2063,1
2064,0
2065,0
2066,0
2067,0
2068,1
2069,0
2070,1
2071,0
2072,0
2073,0
2074,1
2075,0
2076,0
2077,0
2078,1
2079,1
2080,0
2081,0
2082,1
2083,0
2084,0
2085,0
2086,1
2087,0
2088,0
2089,1
2090,0
2091,0
2092,0
2093,0
2094,0
2095,1
2096,0
2097,0
2098,1
2099,1
2100,0
2101,0
2102,0
2103,0
2104,0
2105,1
2106,1
2107,1
2108,1
2109,0
2110,0
2111,0
2112,1
2113,0
2114,0
2115,0
2116,0
2117,1
2118,1
2119,1
2120,0
2121,0
2122,0
2123,0
2124,0
2125,1
2126,0
2127,1
2128,1
2129,0
2130,0
2131,0
2132,0
2133,0
2134,1
2135,1
2136,0
2137,0
2138,1
2139,1
2140,0
2141,1
2142,1
2143,1
2144,0
2145,0
2146,1
2147,0
2148,1
2149,0
2150,1
2151,1
2152,0
2153,1
2154,1
2155,1
2156,0
2157,1
2158,1
2159,0
2160,0
2161,0
2162,1
2163,0
2164,1
2165,1
2166,1
2167,1
2168,1
2169,0
2170,1
2171,0
2172,1
2173,1
2174,0
2175,1
2176,0
2177,1
2178,1
2179,1
2180,1
2181,0
2182,0
2183,0
2184,0
2185,1
2186,0
2187,1
2188,1
2189,1
2190,0
2191,0
2192,1
2193,0
2194,0
2195,0
2196,0
2197,0
2198,0
2199,1
2200,0
2201,1
2202,0
2203,1
2204,0
2205,0
2206,1
2207,1
2208,0
2209,1
2210,1
2211,1
2212,1
2213,1
2214,0
2215,1
2216,0
2217,0
2218,1
2219,0
2220,0
2221,1
2222,1
2223,0
2224,0
2225,0
2226,1
2227,1
2228,0
2229,1
2230,1
2231,0
2232,0
2233,0
2234,0
2235,1
2236,1
2237,0
2238,1
2239,1
2240,1
2241,1
2242,0
2243,1
2244,1
2245,0
2246,1
2247,0
2248,0
2249,0
2250,1
2251,0
2252,1
2253,1
2254,1
2255,0
2256,0
2257,0
2258,1
2259,0
2260,1
2261,0
2262,0
2263,0
2264,1
2265,1
2266,0
2267,0
2268,0
2269,0
2270,0
2271,0
2272,0
2273,0
2274,0
2275,1
2276,0
2277,0
2278,0
2279,0
2280,1
2281,0
2282,1
2283,1
2284,0
2285,0
2286,0
2287,1
2288,0
2289,0
2290,1
2291,0
2292,0
2293,1
2294,0
2295,1
2296,0
2297,1
2298,0
2299,0
2300,0
2301,0
2302,1
2303,0
2304,0
2305,1
2306,0
2307,1
2308,1
2309,0
2310,1
2311,1
2312,1
2313,0
2314,0
2315,0
2316,1
2317,1
2318,0
2319,0
2320,1
2321,1
2322,1
2323,1
2324,0
2325,0
2326,1
2327,0
2328,1
2329,1
2330,0
2331,0
2332,0
2333,0
2334,1
2335,1
2336,1
2337,0
2338,0
2339,0
2340,1
2341,0
2342,1
2343,1
2344,1
2345,0
2346,1
2347,1
2348,0
2349,0
2350,1
2351,0
2352,0
2353,0
2354,0
2355,1
2356,1
2357,1
2358,1
2359,1
2360,1
2361,0
2362,0
2363,1
2364,0
2365,0
2366,0
2367,1
2368,1
2369,1
2370,1
2371,1
2372,1
2373,0
2374,1
2375,1
2376,0
2377,1
2378,1
2379,1
2380,1
2381,0
2382,1
2383,0
2384,1
2385,0
2386,1
2387,0
2388,1
2389,0
2390,0
2391,1
2392,0
2393,0
2394,0
2395,1
2396,1
2397,1
2398,1
2399,0
2400,1
2401,0
2402,0
2403,1
2404,1
2405,1
2406,0
2407,1
2408,1
2409,1
2410,1
2411,1
2412,0
2413,1
2414,0
2415,0
2416,1
2417,0
2418,1
2419,1
2420,1
2421,1
2422,1
2423,1
2424,0
2425,1
2426,1
2427,0
2428,1
2429,1
2430,1
2431,1
2432,0
2433,1
2434,0
2435,0
2436,1
2437,0
2438,1
2439,1
2440,1
2441,0
2442,1
2443,1
2444,1
2445,1
2446,0
2447,1
2448,1
2449,1
2450,0
2451,0
2452,0
2453,1
2454,0
2455,1
2456,0
2457,0
2458,1
2459,0
2460,0
2461,1
2462,0
2463,1
2464,1
2465,1
2466,1
2467,1
2468,0
2469,1
2470,0
2471,0
2472,0
2473,0
2474,1
2475,0
2476,0
2477,0
2478,1
2479,0
2480,1
2481,0
2482,1
2483,0
2484,1
2485,1
2486,1
2487,0
2488,1
2489,0
2490,1
2491,0
2492,1
2493,0
2494,0
2495,1
2496,0
2497,0
2498,0
2499,1
2500,1
2501,1
2502,1
2503,0
2504,0
2505,0
2506,0
2507,0
2508,1
2509,1
2510,0
2511,1
2512,1
2513,0
2514,0
2515,1
2516,1
2517,1
2518,0
2519,0
2520,1
2521,0
2522,1
2523,1
2524,1
2525,1
2526,1
2527,1
2528,1
2529,1
2530,0
2531,1
2532,1
2533,1
2534,1
2535,0
2536,0
2537,1
2538,0
2539,0
2540,1
2541,0
2542,1
2543,1
2544,1
2545,1
2546,1
2547,0
2548,1
2549,1
2550,0
2551,0
2552,0
2553,0
2554,0
2555,1
2556,0
2557,0
2558,1
2559,1
2560,0
2561,1
2562,0
2563,0
2564,0
2565,0
2566,0
2567,0
2568,1
2569,1
2570,0
2571,1
2572,0
2573,0
2574,1
2575,0
2576,1
2577,0
2578,1
2579,0
2580,1
2581,0
2582,1
2583,0
2584,1
2585,0
2586,0
2587,1
2588,1
2589,1
2590,1
2591,1
2592,1
2593,1
2594,1
2595,0
2596,0
2597,1
2598,1
2599,1
2600,1
2601,1
2602,0
2603,0
2604,0
2605,0
2606,1
2607,0
2608,1
2609,1
2610,0
2611,0
2612,1
2613,0
2614,1
2615,0
2616,1
2617,0
2618,0
2619,1
2620,1
2621,1
2622,1
2623,1
2624,1
2625,0
2626,0
2627,0
2628,1
2629,1
2630,0
2631,0
2632,0
2633,0
2634,1
2635,0
2636,1
2637,1
2638,1
2639,1
2640,1
2641,1
2642,0
2643,0
2644,1
2645,0
2646,1
2647,0
2648,1
2649,0
2650,0
2651,1
2652,0
2653,1
2654,1
2655,1
2656,1
2657,1
2658,0
2659,1
2660,1
2661,0
2662,1
2663,1
2664,0
2665,0
2666,0
2667,0
2668,0
2669,0
2670,0
2671,1
2672,0
2673,1
2674,0
2675,0
2676,1
2677,1
2678,1
2679,0
2680,1
2681,1
2682,1
2683,0
2684,1
2685,1
2686,1
2687,1
2688,0
2689,1
2690,0
2691,0
2692,1
2693,1
2694,0
2695,1
2696,0
2697,1
2698,0
2699,0
2700,0
2701,0
2702,1
2703,1
2704,1
2705,1
2706,1
2707,1
2708,0
2709,0
2710,1
2711,1
2712,1
2713,1
2714,0
2715,1
2716,1
2717,0
2718,0
2719,1
2720,0
2721,1
2722,0
2723,1
2724,0
2725,1
2726,0
2727,0
2728,0
2729,1
2730,0
2731,0
2732,1
2733,1
2734,1
2735,0
2736,1
2737,0
2738,0
2739,1
2740,0
2741,1
2742,0
2743,1
2744,0
2745,0
2746,0
2747,0
2748,0
2749,1
2750,0
2751,0
2752,1
2753,0
2754,0
2755,1
2756,0
2757,1
2758,1
2759,0
2760,1
2761,0
2762,0
2763,0
2764,1
2765,0
2766,0
2767,1
2768,0
2769,1
2770,1
2771,0
2772,1
2773,1
2774,1
2775,1
2776,0
2777,0
2778,1
2779,1
2780,1
2781,0
2782,0
2783,1
2784,0
2785,1
2786,1
2787,0
2788,1
2789,0
2790,0
2791,1
2792,1
2793,0
2794,0
2795,1
2796,0
2797,1
2798,0
2799,1
2800,0
2801,1
2802,1
2803,1
2804,1
2805,1
2806,1
2807,1
2808,1
2809,1
2810,0
2811,1
2812,0
2813,0
2814,1
2815,1
2816,1
2817,0
2818,1
2819,0
2820,1
2821,0
2822,0
2823,0
2824,0
2825,0
2826,1
2827,0
2828,0
2829,0
2830,0
2831,0
2832,1
2833,1
2834,1
2835,0
2836,0
2837,0
2838,0
2839,1
2840,1
2841,0
2842,0
2843,0
2844,0
2845,1
2846,0
2847,0
2848,0
2849,0
2850,1
2851,1
2852,1
2853,1
2854,0
2855,0
2856,1
2857,1
2858,1
2859,1
2860,0
2861,1
2862,1
2863,0
2864,0
2865,0
2866,0
2867,1
2868,0
2869,0
2870,1
2871,1
2872,0
2873,1
2874,0
2875,0
2876,0
2877,1
2878,0
2879,0
2880,0
2881,1
2882,1
2883,0
2884,1
2885,0
2886,1
2887,1
2888,1
2889,0
2890,0
2891,0
2892,0
2893,1
2894,0
2895,1
2896,0
2897,1
2898,0
2899,1
2900,0
2901,0
2902,1
2903,1
2904,0
2905,1
2906,1
2907,0
2908,0
2909,0
2910,0
2911,1
2912,1
2913,0
2914,1
2915,0
2916,0
2917,0
2918,1
2919,0
2920,1
2921,0
2922,1
2923,1
2924,0
2925,1
2926,0
2927,1
2928,0
2929,1
2930,0
2931,1
2932,1
2933,1
2934,1
2935,1
2936,1
2937,1
2938,1
2939,0
2940,1
2941,0
2942,1
2943,0
2944,1
2945,0
2946,0
2947,0
2948,1
2949,0
2950,1
2951,0
2952,0
2953,1
2954,1
2955,1
2956,1
2957,0
2958,0
2959,0
2960,1
2961,0
2962,0
2963,1
2964,1
2965,0
2966,0
2967,1
2968,1
2969,1
2970,0
2971,1
2972,1
2973,1
2974,1
2975,1
2976,0
2977,1
2978,0
2979,1
2980,1
2981,0
2982,1
2983,1
2984,1
2985,1
2986,1
2987,1
2988,0
2989,0
2990,0
2991,1
2992,0
2993,1
2994,0
2995,0
2996,0
2997,0
2998,0
2999,0
3000,0
3001,1
3002,1
3003,0
3004,1
3005,1
3006,0
3007,0
3008,1
3009,0
3010,1
3011,0
3012,1
3013,1
3014,1
3015,1
3016,0
3017,1
3018,1
3019,0
3020,0
3021,1
3022,0
3023,0
3024,0
3025,1
3026,1
3027,1
3028,0
3029,1
3030,0
3031,1
3032,1
3033,1
3034,0
3035,1
3036,0
3037,0
3038,0
3039,0
3040,0
3041,1
3042,0
3043,0
3044,0
3045,1
3046,1
3047,0
3048,0
3049,0
3050,1
3051,0
3052,1
3053,1
3054,0
3055,0
3056,0
3057,1
3058,1
3059,0
3060,0
3061,1
3062,0
3063,1
3064,1
3065,1
3066,1
3067,0
3068,0
3069,1
3070,0
3071,0
3072,1
3073,1
3074,0
3075,0
3076,0
3077,1
3078,0
3079,0
3080,1
3081,0
3082,0
3083,0
3084,0
3085,1
3086,1
3087,1
3088,1
3089,0
3090,1
3091,1
3092,0
3093,1
3094,1
3095,1
3096,1
3097,1
3098,0
3099,1
3100,0
3101,0
3102,0
3103,1
3104,0
3105,0
3106,1
3107,1
3108,1
3109,1
3110,0
3111,1
3112,1
3113,0
3114,1
3115,1
3116,1
3117,1
3118,1
3119,0
3120,0
3121,0
3122,1
3123,0
3124,1
3125,1
3126,1
3127,0
3128,1
3129,0
3130,1
3131,0
3132,0
3133,0
3134,1
3135,1
3136,1
3137,0
3138,1
3139,0
3140,1
3141,1
3142,0
3143,0
3144,0
3145,1
3146,0
3147,1
3148,0
3149,0
3150,0
3151,0
3152,0
3153,0
3154,0
3155,0
3156,0
3157,1
3158,0
3159,1
3160,0
3161,0
3162,1
3163,0
3164,0
3165,1
3166,1
3167,0
3168,1
3169,0
3170,1
3171,1
3172,0
3173,1
3174,0
3175,0
3176,1
3177,1
3178,1
3179,0
3180,1
3181,1
3182,1
3183,1
3184,1
3185,0
3186,0
3187,0
3188,0
3189,1
3190,0
3191,1
3192,0
3193,0
3194,0
3195,0
3196,0
3197,1
3198,0
3199,1
3200,0
3201,0
3202,0
3203,1
3204,0
3205,1
3206,0
3207,1
3208,1
3209,0
3210,0
3211,0
3212,1
3213,1
3214,0
3215,0
3216,1
3217,0
3218,0
3219,0
3220,1
3221,1
3222,0
3223,0
3224,1
3225,1
3226,1
3227,0
3228,0
3229,0
3230,0
3231,0
3232,0
3233,1
3234,1
3235,0
3236,0
3237,0
3238,1
3239,1
3240,1
3241,0
3242,1
3243,0
3244,0
3245,0
3246,1
3247,0
3248,1
3249,0
3250,0
3251,1
3252,1
3253,0
3254,0
3255,0
3256,1
3257,0
3258,1
3259,0
3260,1
3261,0
3262,1
3263,0
3264,0
3265,0
3266,1
3267,1
3268,1
3269,0
3270,1
3271,0
3272,0
3273,0
3274,1
3275,0
3276,0
3277,0
3278,1
3279,1
3280,0
3281,1
3282,1
3283,0
3284,1
3285,0
3286,0
3287,1
3288,1
3289,0
3290,1
3291,0
3292,1
3293,0
3294,1
3295,1
3296,1
3297,0
3298,1
3299,0
3300,0
3301,0
3302,1
3303,0
3304,1
3305,1
3306,1
3307,0
3308,0
3309,1
3310,0
3311,1
3312,1
3313,1
3314,0
3315,1
3316,1
3317,0
3318,0
3319,1
3320,1
3321,1
3322,1
3323,0
3324,1
3325,1
3326,0
3327,0
3328,0
3329,1
3330,1
3331,1
3332,0
3333,0
3334,0
3335,0
3336,0
3337,0
3338,0
3339,1
3340,1
3341,0
3342,0
3343,0
3344,1
3345,1
3346,0
3347,1
3348,0
3349,1
3350,1
3351,0
3352,0
3353,1
3354,1
3355,1
3356,1
3357,1
3358,0
3359,0
3360,1
3361,1
3362,0
3363,0
3364,0
3365,1
3366,0
3367,0
3368,0
3369,1
3370,1
3371,0
3372,0
3373,1
3374,1
3375,1
3376,0
3377,1
3378,0
3379,1
3380,1
3381,0
3382,1
3383,0
3384,0
3385,1
3386,0
3387,1
3388,1
3389,1
3390,1
3391,0
3392,0
3393,0
3394,1
3395,0
3396,0
3397,1
3398,1
3399,0
3400,1
3401,0
3402,0
3403,0
3404,1
3405,1
3406,1
3407,1
3408,1
3409,1
3410,1
3411,1
3412,0
3413,0
3414,1
3415,0
3416,0
3417,0
3418,0
3419,1
3420,1
3421,0
3422,0
3423,1
3424,0
3425,0
3426,1
3427,0
3428,1
3429,1
3430,1
3431,1
3432,0
3433,1
3434,1
3435,1
3436,0
3437,1
3438,1
3439,0
3440,0
3441,1
3442,0
3443,1
3444,0
3445,0
3446,0
3447,0
3448,1
3449,1
3450,0
3451,1
3452,0
3453,0
3454,1
3455,0
3456,1
3457,0
3458,0
3459,0
3460,1
3461,0
3462,1
3463,0
3464,1
3465,0
3466,0
3467,0
3468,1
3469,0
3470,0
3471,1
3472,0
3473,1
3474,0
3475,0
3476,0
3477,0
3478,0
3479,0
3480,0
3481,0
3482,1
3483,0
3484,1
3485,1
3486,1
3487,0
3488,0
3489,1
3490,1
3491,1
3492,0
3493,1
3494,0
3495,1
3496,0
3497,1
3498,0
3499,0
3500,0
3501,1
3502,1
3503,1
3504,1
3505,1
3506,0
3507,0
3508,0
3509,0
3510,1
3511,1
3512,0
3513,0
3514,1
3515,0
3516,0
3517,1
3518,1
3519,1
3520,1
3521,1
3522,0
3523,0
3524,1
3525,0
3526,0
3527,0
3528,1
3529,1
3530,0
3531,0
3532,1
3533,1
3534,1
3535,1
3536,1
3537,1
3538,1
3539,0
3540,1
3541,1
3542,1
3543,1
3544,1
3545,1
3546,0
3547,1
3548,0
3549,0
3550,1
3551,0
3552,1
3553,0
3554,0
3555,0
3556,1
3557,0
3558,1
3559,0
3560,0
3561,1
3562,1
3563,1
3564,1
3565,0
3566,0
3567,1
3568,1
3569,0
3570,1
3571,1
3572,0
3573,1
3574,1
3575,1
3576,1
3577,0
3578,0
3579,1
3580,1
3581,1
3582,0
3583,0
3584,0
3585,1
3586,0
3587,1
3588,0
3589,0
3590,0
3591,0
3592,1
3593,1
3594,1
3595,0
3596,1
3597,1
3598,1
3599,0
3600,0
3601,0
3602,1
3603,1
3604,1
3605,0
3606,1
3607,1
3608,0
3609,1
3610,0
3611,0
3612,1
3613,1
3614,0
3615,1
3616,1
3617,1
3618,0
3619,1
3620,0
3621,0
3622,0
3623,0
3624,0
3625,0
3626,0
3627,1
3628,0
3629,0
3630,0
3631,0
3632,1
3633,1
3634,0
3635,1
3636,0
3637,0
3638,0
3639,1
3640,0
3641,0
3642,0
3643,0
3644,0
3645,0
3646,1
3647,1
3648,1
3649,0
3650,1
3651,1
3652,1
3653,0
3654,1
3655,1
3656,0
3657,0
3658,0
3659,0
3660,1
3661,1
3662,1
3663,0
3664,1
3665,1
3666,1
3667,1
3668,1
3669,0
3670,1
3671,1
3672,1
3673,0
3674,0
3675,1
3676,1
3677,1
3678,0
3679,0
3680,0
3681,1
3682,1
3683,0
3684,0
3685,1
3686,0
3687,1
3688,1
3689,1
3690,1
3691,1
3692,1
3693,0
3694,0
3695,1
3696,1
3697,0
3698,1
3699,0
3700,0
3701,1
3702,1
3703,1
3704,0
3705,0
3706,1
3707,1
3708,0
3709,1
3710,0
3711,1
3712,1
3713,0
3714,0
3715,1
3716,0
3717,0
3718,0
3719,0
3720,0
3721,1
3722,0
3723,1
3724,0
3725,0
3726,0
3727,1
3728,1
3729,1
3730,0
3731,1
3732,0
3733,0
3734,0
3735,0
3736,0
3737,1
3738,0
3739,0
3740,0
3741,1
3742,1
3743,0
3744,0
3745,0
3746,0
3747,0
3748,1
3749,0
3750,0
3751,0
3752,0
3753,1
3754,0
3755,0
3756,0
3757,0
3758,1
3759,1
3760,1
3761,0
3762,1
3763,1
3764,0
3765,1
3766,1
3767,1
3768,0
3769,1
3770,0
3771,0
3772,0
3773,0
3774,0
3775,1
3776,1
3777,1
3778,0
3779,0
3780,1
3781,0
3782,1
3783,0
3784,0
3785,0
3786,0
3787,1
3788,0
3789,0
3790,0
3791,0
3792,1
3793,1
3794,1
3795,1
3796,1
3797,0
3798,0
3799,1
3800,1
3801,1
3802,0
3803,0
3804,1
3805,1
3806,0
3807,0
3808,0
3809,0
3810,1
3811,1
3812,0
3813,0
3814,1
3815,1
3816,1
3817,0
3818,0
3819,1
3820,1
3821,1
3822,1
3823,1
3824,1
3825,1
3826,1
3827,1
3828,0
3829,0
3830,1
3831,0
3832,1
3833,1
3834,0
3835,1
3836,1
3837,1
3838,1
3839,0
3840,1
3841,0
3842,0
3843,0
3844,1
3845,1
3846,1
3847,0
3848,1
3849,1
3850,1
3851,0
3852,0
3853,0
3854,1
3855,0
3856,1
3857,1
3858,1
3859,1
3860,1
3861,1
3862,0
3863,1
3864,0
3865,1
3866,0
3867,0
3868,1
3869,0
3870,1
3871,0
3872,0
3873,0
3874,1
3875,0
3876,1
3877,1
3878,1
3879,0
3880,1
3881,1
3882,1
3883,1
3884,1
3885,1
3886,0
3887,0
3888,1
3889,1
3890,0
3891,0
3892,0
3893,0
3894,0
3895,1
3896,0
3897,1
3898,0
3899,1
3900,1
3901,0
3902,0
3903,1
3904,1
3905,1
3906,0
3907,1
3908,1
3909,1
3910,1
3911,0
3912,0
3913,0
3914,1
3915,1
3916,1
3917,0
3918,0
3919,0
3920,1
3921,0
3922,0
3923,0
3924,1
3925,0
3926,1
3927,0
3928,1
3929,1
3930,1
3931,0
3932,1
3933,1
3934,0
3935,1
3936,0
3937,1
3938,0
3939,1
3940,1
3941,0
3942,1
3943,1
3944,1
3945,0
3946,0
3947,1
3948,0
3949,1
3950,0
3951,0
3952,0
3953,0
3954,0
3955,0
3956,1
3957,0
3958,0
3959,1
3960,0
3961,0
3962,1
3963,0
3964,0
3965,0
3966,0
3967,0
3968,1
3969,1
3970,1
3971,0
3972,0
3973,1
3974,0
3975,0
3976,1
3977,1
3978,0
3979,1
3980,1
3981,1
3982,0
3983,1
3984,1
3985,0
3986,1
3987,1
3988,1
3989,1
3990,1
3991,1
3992,1
3993,1
3994,1
3995,0
3996,0
3997,1
3998,0
3999,0
4000,0
4001,1
4002,1
4003,1
4004,0
4005,0
4006,1
4007,1
4008,1
4009,0
4010,0
4011,0
4012,1
4013,1
4014,1
4015,1
4016,1
4017,1
4018,0
4019,0
4020,1
4021,1
4022,0
4023,0
4024,1
4025,1
4026,0
4027,1
4028,0
4029,1
4030,1
4031,1
4032,0
4033,0
4034,1
4035,0
4036,1
4037,1
4038,1
4039,0
4040,0
4041,1
4042,0
4043,0
4044,0
4045,0
4046,1
4047,0
4048,0
4049,0
4050,0
4051,1
4052,1
4053,1
4054,0
4055,0
4056,0
4057,0
4058,0
4059,1
4060,0
4061,1
4062,0
4063,0
4064,0
4065,0
4066,1
4067,0
4068,0
4069,0
4070,0
4071,0
4072,0
4073,0
4074,0
4075,1
4076,0
4077,0
4078,0
4079,1
4080,0
4081,0
4082,0
4083,1
4084,0
4085,1
4086,1
4087,0
4088,1
4089,0
4090,0
4091,0
4092,0
4093,1
4094,0
4095,0
4096,1
4097,1
4098,0
4099,1
4100,1
4101,1
4102,0
4103,1
4104,1
4105,0
4106,1
4107,1
4108,0
4109,0
4110,0
4111,0
4112,1
4113,1
4114,0
4115,0
4116,1
4117,0
4118,0
4119,1
4120,1
4121,1
4122,1
4123,0
4124,0
4125,1
4126,1
4127,1
4128,1
4129,1
4130,1
4131,1
4132,0
4133,0
4134,1
4135,1
4136,0
4137,0
4138,0
4139,0
4140,0
4141,1
4142,0
4143,1
4144,0
4145,0
4146,1
4147,1
4148,1
4149,1
4150,1
4151,1
4152,1
4153,1
4154,0
4155,0
4156,0
4157,0
4158,0
4159,0
4160,0
4161,0
4162,1
4163,0
4164,0
4165,0
4166,0
4167,1
4168,1
4169,0
4170,0
4171,1
4172,0
4173,0
4174,0
4175,1
4176,1
4177,0
4178,0
4179,0
4180,1
4181,1
4182,0
4183,0
4184,0
4185,1
4186,0
4187,1
4188,0
4189,0
4190,1
4191,1
4192,1
4193,1
4194,1
4195,0
4196,0
4197,0
4198,0
4199,1
4200,1
4201,1
4202,1
4203,0
4204,1
4205,0
4206,0
4207,0
4208,1
4209,1
4210,1
4211,0
4212,0
4213,1
4214,0
4215,1
4216,0
4217,1
4218,0
4219,0
4220,1
4221,0
4222,1
4223,0
4224,1
4225,1
4226,0
4227,0
4228,0
4229,1
4230,1
4231,1
4232,0
4233,1
4234,0
4235,1
4236,0
4237,1
4238,0
4239,0
4240,0
4241,0
4242,1
4243,0
4244,0
4245,1
4246,1
4247,1
4248,1
4249,1
4250,1
4251,0
4252,0
4253,0
4254,1
4255,1
4256,0
4257,1
4258,1
4259,1
4260,0
4261,0
4262,0
4263,1
4264,1
4265,1
4266,0
4267,1
4268,1
4269,0
4270,0
4271,0
4272,1
4273,1
4274,1
4275,1
4276,0
4277,0
4278,1
4279,0
4280,0
4281,0
4282,0
4283,0
4284,0
4285,0
4286,0
4287,1
4288,1
4289,0
4290,0
4291,1
4292,0
4293,1
4294,0
4295,0
4296,0
4297,0
4298,1
4299,1
4300,1
4301,0
4302,0
4303,1
4304,0
4305,1
4306,1
4307,1
4308,0
4309,1
4310,1
4311,1
4312,0
4313,0
4314,0
4315,1
4316,0
4317,0
4318,1
4319,1
4320,1
4321,0
4322,1
4323,1
4324,0
4325,1
4326,1
4327,1
4328,1
4329,0
4330,1
4331,1
4332,1
4333,1
4334,0
4335,1
4336,1
4337,1
4338,0
4339,1
4340,1
4341,0
4342,0
4343,0
4344,1
4345,0
4346,0
4347,0
4348,1
4349,0
4350,0
4351,0
4352,1
4353,1
4354,0
4355,1
4356,0
4357,0
4358,0
4359,1
4360,1
4361,0
4362,1
4363,1
4364,1
4365,1
4366,1
4367,1
4368,1
4369,1
4370,1
4371,0
4372,0
4373,1
4374,1
4375,1
4376,1
4377,0
4378,1
4379,0
4380,1
4381,1
4382,0
4383,0
4384,0
4385,1
4386,0
4387,1
4388,1
4389,0
4390,0
4391,0
4392,0
4393,1
4394,0
4395,0
4396,0
4397,0
4398,0
4399,0
4400,0
4401,1
4402,0
4403,0
4404,0
4405,1
4406,1
4407,1
4408,0
4409,1
4410,1
4411,0
4412,0
4413,1
4414,1
4415,0
4416,1
4417,0
4418,0
4419,0
4420,1
4421,1
4422,0
4423,1
4424,0
4425,1
4426,1
4427,0
4428,1
4429,0
4430,1
4431,1
4432,1
4433,1
4434,1
4435,0
4436,0
4437,1
4438,0
4439,1
4440,1
4441,0
4442,0
4443,0
4444,0
4445,0
4446,1
4447,1
4448,0
4449,0
4450,1
4451,1
4452,1
4453,0
4454,0
4455,0
4456,1
4457,0
4458,1
4459,1
4460,1
4461,0
4462,0
4463,0
4464,1
4465,0
4466,1
4467,0
4468,0
4469,0
4470,1
4471,0
4472,1
4473,1
4474,1
4475,0
4476,0
4477,1
4478,0
4479,0
4480,0
4481,0
4482,0
4483,0
4484,0
4485,1
4486,1
4487,0
4488,0
4489,0
4490,1
4491,1
4492,1
4493,0
4494,0
4495,0
4496,0
4497,1
4498,0
4499,0
4500,1
4501,1
4502,0
4503,0
4504,1
4505,1
4506,0
4507,0
4508,1
4509,0
4510,1
4511,0
4512,0
4513,0
4514,0
4515,0
4516,0
4517,0
4518,1
4519,1
4520,0
4521,1
4522,0
4523,0
4524,1
4525,0
4526,1
4527,0
4528,0
4529,1
4530,0
4531,1
4532,1
4533,0
4534,1
4535,0
4536,1
4537,0
4538,0
4539,0
4540,1
4541,0
4542,1
4543,0
4544,1
4545,1
4546,1
4547,0
4548,0
4549,0
4550,0
4551,1
4552,1
4553,0
4554,1
4555,0
4556,0
4557,1
4558,1
4559,1
4560,1
4561,1
4562,0
4563,0
4564,0
4565,1
4566,0
4567,0
4568,1
4569,0
4570,1
4571,0
4572,1
4573,1
4574,0
4575,0
4576,1
4577,1
4578,1
4579,1
4580,1
4581,0
4582,1
4583,0
4584,0
4585,0
4586,0
4587,0
4588,1
4589,1
4590,0
4591,0
4592,0
4593,1
4594,1
4595,0
4596,0
4597,0
4598,0
4599,0
4600,0
4601,1
4602,0
4603,0
4604,1
4605,0
4606,0
4607,1
4608,0
4609,1
4610,0
4611,1
4612,0
4613,1
4614,1
4615,1
4616,1
4617,1
4618,1
4619,1
4620,1
4621,0
4622,1
4623,0
4624,0
4625,0
4626,0
4627,1
4628,1
4629,0
4630,0
4631,1
4632,1
4633,1
4634,0
4635,1
4636,0
4637,0
4638,1
4639,1
4640,0
4641,1
4642,1
4643,0
4644,1
4645,0
4646,0
4647,0
4648,0
4649,0
4650,0
4651,1
4652,1
4653,1
4654,1
4655,1
4656,0
4657,0
4658,1
4659,1
4660,1
4661,0
4662,1
4663,1
4664,0
4665,0
4666,1
4667,1
4668,0
4669,1
4670,0
4671,0
4672,1
4673,1
4674,0
4675,0
4676,1
4677,1
4678,0
4679,0
4680,1
4681,0
4682,1
4683,0
4684,0
4685,0
4686,1
4687,1
4688,0
4689,0
4690,1
4691,0
4692,1
4693,0
4694,0
4695,1
4696,0
4697,1
4698,1
4699,1
4700,1
4701,0
4702,1
4703,0
4704,0
4705,1
4706,1
4707,1
4708,0
4709,1
4710,0
4711,1
4712,0
4713,1
4714,0
4715,1
4716,0
4717,0
4718,1
4719,1
4720,0
4721,1
4722,1
4723,1
4724,1
4725,1
4726,0
4727,1
4728,1
4729,1
4730,1
4731,1
4732,1
4733,0
4734,0
4735,1
4736,0
4737,1
4738,1
4739,0
4740,0
4741,1
4742,0
4743,0
4744,0
4745,0
4746,0
4747,1
4748,0
4749,1
4750,1
4751,0
4752,1
4753,1
4754,0
4755,1
4756,1
4757,1
4758,0
4759,0
4760,1
4761,0
4762,0
4763,1
4764,1
4765,0
4766,0
4767,0
4768,0
4769,0
4770,0
4771,1
4772,1
4773,1
4774,1
4775,0
4776,0
4777,0
4778,0
4779,1
4780,0
4781,1
4782,1
4783,1
4784,0
4785,0
4786,1
4787,0
4788,1
4789,1
4790,0
4791,1
4792,0
4793,0
4794,1
4795,1
4796,0
4797,0
4798,1
4799,1
4800,0
4801,1
4802,0
4803,0
4804,1
4805,1
4806,1
4807,1
4808,0
4809,1
4810,1
4811,1
4812,0
4813,1
4814,0
4815,1
4816,1
4817,1
4818,0
4819,1
4820,0
4821,1
4822,1
4823,1
4824,1
4825,1
4826,1
4827,0
4828,1
4829,0
4830,1
4831,1
4832,1
4833,1
4834,0
4835,0
4836,0
4837,0
4838,1
4839,1
4840,1
4841,1
4842,0
4843,1
4844,0
4845,0
4846,0
4847,1
4848,0
4849,0
4850,1
4851,0
4852,1
4853,1
4854,1
4855,1
4856,0
4857,0
4858,0
4859,1
4860,1
4861,1
4862,1
4863,0
4864,0
4865,0
4866,0
4867,0
4868,0
4869,0
4870,0
4871,1
4872,0
4873,1
4874,0
4875,1
4876,1
4877,1
4878,1
4879,1
4880,0
4881,0
4882,0
4883,0
4884,1
4885,0
4886,1
4887,1
4888,0
4889,0
4890,1
4891,1
4892,1
4893,0
4894,0
4895,0
4896,1
4897,0
4898,1
4899,1
4900,1
4901,1
4902,1
4903,0
4904,0
4905,1
4906,0
4907,1
4908,0
4909,0
4910,1
4911,1
4912,0
4913,0
4914,0
4915,0
4916,1
4917,1
4918,1
4919,1
4920,0
4921,0
4922,1
4923,0
4924,0
4925,0
4926,1
4927,0
4928,0
4929,1
4930,1
4931,1
4932,1
4933,0
4934,0
4935,0
4936,0
4937,1
4938,1
4939,1
4940,0
4941,0
4942,1
4943,1
4944,1
4945,0
4946,1
4947,1
4948,0
4949,1
4950,1
4951,1
4952,1
4953,0
4954,0
4955,1
4956,1
4957,0
4958,1
4959,0
4960,1
4961,0
4962,1
4963,0
4964,0
4965,1
4966,0
4967,1
4968,1
4969,0
4970,0
4971,1
4972,0
4973,1
4974,1
4975,1
4976,0
4977,1
4978,0
4979,1
4980,0
4981,1
4982,1
4983,1
4984,0
4985,1
4986,0
4987,1
4988,1
4989,0
4990,0
4991,1
4992,0
4993,0
4994,0
4995,1
4996,0
4997,1
4998,1
4999,1
5000,1
